metric,value
accuracy,0.9754378102592388
weightedPrecision,0.9762445408762787
weightedRecall,0.9754378102592388
f1,0.9757150412824437
train_time_s,21.44714593887329
total_rows,290000
